Ano,Trimestre,Mês,Dia,Adesão ao decreto
2015,Qtr 1,março,23,1
2015,Qtr 2,abril,6,1
2015,Qtr 2,abril,29,2
2015,Qtr 2,junho,7,3
2015,Qtr 2,junho,22,2
2015,Qtr 3,julho,12,1
2015,Qtr 3,agosto,17,3
2015,Qtr 3,agosto,18,1
2015,Qtr 3,agosto,19,1
2015,Qtr 4,outubro,13,1
2015,Qtr 4,outubro,25,2
2015,Qtr 4,novembro,29,1
2015,Qtr 4,dezembro,28,1
2016,Qtr 2,abril,12,1
2016,Qtr 2,abril,19,1
2016,Qtr 2,maio,25,1
2016,Qtr 3,agosto,21,2
2016,Qtr 4,novembro,16,2
2017,Qtr 1,janeiro,18,2
2017,Qtr 2,maio,8,2
2017,Qtr 3,agosto,31,1
2018,Qtr 1,janeiro,29,1
2018,Qtr 4,novembro,19,1
2019,Qtr 1,fevereiro,2,1
2019,Qtr 3,agosto,4,1
2019,Qtr 4,dezembro,4,2
2020,Qtr 2,maio,10,2
2020,Qtr 2,junho,30,1
2020,Qtr 3,julho,26,1
2020,Qtr 3,julho,30,2
2021,Qtr 4,novembro,29,1